time_s,diameter
0,92.56257627
0.030528067,92.48625052
0.061056133,92.43309984
0.0915842,92.43309984
0.122112267,92.43309984
0.1526403,92.44905037
0.183168367,92.5129469
0.213696433,92.59904743
0.2442245,92.69882377
0.274752567,92.80160366
0.3052806,92.89563354
0.335808667,92.96947842
0.366336733,92.99278216
0.3968648,92.99278216
0.427392867,92.99278216
0.457920933,92.93021302
0.488448967,92.84330919
0.518977033,92.74572788
0.5495051,92.65405851
0.580033167,92.58566401
0.610561233,92.58566401
0.6410893,92.58566401
0.671617333,92.65392864
0.7021454,92.78427617
0.732673467,92.95831916
0.763201533,93.15925252
0.7937296,93.36531594
0.824257667,93.5526024
0.8547857,93.69836498
0.885313767,93.7425532
0.915841833,93.7425532
0.9463699,93.7425532
0.976897967,93.62124565
1.007426033,93.45283559
1.037954067,93.26114633
1.068482133,93.07332892
1.0990102,92.9158614
1.129538267,92.81053802
1.160066333,92.81053802
1.1905944,92.81053802
1.221122433,92.89327986
1.2516505,93.03103417
1.282178567,93.19108805
1.312706633,93.34770665
1.3432347,93.47731395
1.373762767,93.56287595
1.4042908,93.56287595
1.434818867,93.56287595
1.465346933,93.54044308
1.495875,93.48810429
1.526403067,93.48810429
1.5569311,93.48810429
1.587459167,93.5409194
1.617987233,93.68353211
1.6485153,93.88461311
1.679043367,94.11857743
1.709571433,94.34657822
1.740099467,94.52171984
1.770627533,94.52171984
1.8011556,94.52171984
1.831683667,94.29736668
1.862211733,93.89440791
1.8927398,93.34098208
1.923267833,92.68053316
1.9537959,91.97559972
1.984323967,91.30005333
2.014852033,90.72904925
2.0453801,90.32817029
2.075908167,90.32817029
2.1064362,90.32817029
2.136964267,90.46741401
2.167492333,90.92214145
2.1980204,91.49084082
2.228548467,92.09015623
2.259076533,92.6319217
2.289604567,93.03536896
2.320132633,93.03536896
2.3506607,93.03536896
2.381188767,92.93496657
2.411716833,92.45442354
2.4422449,91.82077037
2.472772933,91.10986865
2.503301,90.40619298
2.533829067,89.79113846
2.564357133,89.33210229
2.5948852,89.19925126
2.625413267,89.19925126
2.6559413,89.19925126
2.686469367,89.53339681
2.716997433,89.97876283
2.7475255,90.4673207
2.778053567,90.9298848
2.8085816,91.30534797
2.839109667,91.54821833
2.869637733,91.54821833
2.9001658,91.54821833
2.930693867,91.34215703
2.961221933,91.01962968
2.991749967,90.63826731
3.022278033,90.25011382
3.0528061,89.90561537
3.083334167,89.64810782
3.113862233,89.64810782
3.1443903,89.64810782
3.174918333,89.65434944
3.2054464,89.93640194
3.235974467,90.34001793
3.266502533,90.84208125
3.2970306,91.41538405
3.327558667,92.03105987
3.3580867,92.66037341
3.388614767,93.27582034
3.419142833,93.85165471
3.4496709,94.36407418
3.480198967,94.79133763
3.510727033,95.11406196
3.541255067,95.31238908
3.571783133,95.31238908
3.6023112,95.31238908
3.632839267,95.09952835
3.663367333,94.75299021
3.6938954,94.2883228
3.724423433,93.72920362
3.7549515,93.10635323
3.785479567,92.45554801
3.816007633,91.81488495
3.8465357,91.2215836
3.877063767,90.70870103
3.9075918,90.3021688
3.938119867,90.018531
3.968647933,89.91098186
3.999176,89.91098186
4.029704067,89.91098186
4.0602321,90.07614878
4.090760167,90.30088183
4.121288233,90.55599523
4.1518163,90.81349712
4.182344367,91.04922572
4.212872433,91.24476847
4.243400467,91.38848317
4.273928533,91.47557562
4.3044566,91.47557562
4.334984667,91.47557562
4.365512733,91.43135935
4.3960408,91.34224957
4.426568833,91.23157862
4.4570969,91.10692641
4.487624967,90.97369891
4.518153033,90.83524748
4.5486811,90.69350564
4.579209167,90.54994641
4.6097372,90.40660723
4.640265267,90.26692139
4.670793333,90.13613576
4.7013214,90.02117773
4.731849467,89.92994464
4.762377533,89.87010729
4.792905567,89.87010729
4.823433633,89.87010729
4.8539617,89.92117938
4.884489767,90.00857312
4.915017833,90.11532101
4.9455459,90.22496821
4.976073933,90.31823642
5.006602,90.31823642
5.037130067,90.31823642
5.067658133,90.31075814
5.0981862,90.16711352
5.128714233,89.94571608
5.1592423,89.65372304
5.189770367,89.30572538
5.220298433,88.92240273
5.2508265,88.52846192
5.281354567,88.15012279
5.3118826,87.81246672
5.342410667,87.53697031
5.372938733,87.3395084
5.4034668,87.26796058
5.433994867,87.26796058
5.464522933,87.26796058
5.495050967,87.3998945
5.525579033,87.58644063
5.5561071,87.8084348
5.586635167,88.04597222
5.617163233,88.280287
5.6476913,88.49533606
5.678219333,88.67895681
5.7087474,88.82352787
5.739275467,88.92612094
5.769803533,88.98818329
5.8003316,88.99457029
5.830859667,88.99457029
5.8613877,88.99457029
5.891915767,88.96661153
5.922443833,88.93880827
5.9529719,88.91823012
5.983499967,88.91823012
6.014028033,88.91823012
6.044556067,88.93174151
6.075084133,88.95800516
6.1056122,88.98762638
6.136140267,89.01411457
6.166668333,89.01823194
6.1971964,89.01823194
6.227724433,89.01823194
6.2582525,88.98563304
6.288780567,88.93913771
6.319308633,88.88550838
6.3498367,88.83411094
6.380364733,88.79928634
6.4108928,88.79928634
6.441420867,88.79928634
6.471948933,88.85538969
6.502477,88.94988153
6.533005067,89.0773261
6.5635331,89.22637152
6.594061167,89.38051175
6.624589233,89.51969439
6.6551173,89.62262402
6.685645367,89.62262402
6.716173433,89.62262402
6.746701467,89.53944363
6.777229533,89.35310351
6.8077576,89.09409631
6.838285667,88.77915077
6.868813733,88.43151503
6.8993418,88.07815007
6.929869833,87.74631065
6.9603979,87.46001352
6.990925967,87.23693816
7.021454033,87.08626272
7.0519821,87.02530966
7.082510167,87.02530966
7.1130382,87.02530966
7.143566267,87.08666528
7.174094333,87.15805286
7.2046224,87.22493604
7.235150467,87.2800936
7.265678533,87.32554565
7.296206567,87.37285331
7.326734633,87.44165241
7.3572627,87.55657156
7.387790767,87.74296275
7.418318833,88.02209159
7.4488469,88.40655603
7.479374933,88.89670317
7.509903,89.47868915
7.540431067,90.12459365
7.570959133,90.79469211
7.6014872,91.44165418
7.632015233,92.01612808
7.6625433,92.472938
7.693071367,92.77700402
7.723599433,92.77700402
7.7541275,92.77700402
7.784655567,92.65997113
7.8151836,92.32893148
7.845711667,91.91537784
7.876239733,91.47061873
7.9067678,91.04599313
7.937295867,90.68635468
7.967823933,90.42453362
7.998351967,90.30978434
8.028880033,90.30978434
8.0594081,90.30978434
8.089936167,90.44153834
8.120464233,90.60095815
8.1509923,90.74589648
8.181520333,90.75030286
8.2120484,90.75030286
8.242576467,90.75030286
8.273104533,90.55071569
8.3036326,90.25768671
8.334160667,89.89582052
8.3646887,89.49907585
8.395216767,89.10606641
8.425744833,88.754933
8.4562729,88.47850332
8.486800967,88.30038671
8.517329033,88.30038671
8.547857067,88.30038671
8.578385133,88.41359919
8.6089132,88.62932282
8.639441267,88.89470689
8.669969333,89.18151231
8.7004974,89.46392356
8.731025433,89.72179374
8.7615535,89.94274418
8.792081567,90.12285524
8.822609633,90.26591593
8.8531377,90.38143387
8.883665733,90.48180506
8.9141938,90.57917479
8.944721867,90.68256229
8.975249933,90.79576642
9.005778,90.916425
9.036306067,91.03639062
9.0668341,91.14334586
9.097362167,91.22335293
9.127890233,91.22335293
9.1584183,91.22335293
9.188946367,91.19965771
9.219474433,91.09883283
9.250002467,90.96699938
9.280530533,90.82254853
9.3110586,90.68649
9.341586667,90.57891284
9.372114733,90.54330712
9.4026428,90.54330712
9.433170833,90.54330712
9.4636989,90.62251588
9.494226967,90.7224944
9.524755033,90.81901366
9.5552831,90.85802748
9.585811167,90.85802748
9.6163392,90.85802748
9.646867267,90.74527828
9.677395333,90.5764703
9.7079234,90.37414196
9.738451467,90.17037535
9.768979533,90.00226739
9.799507567,90.00226739
9.830035633,90.00226739
9.8605637,90.03580135
9.891091767,90.27971765
9.921619833,90.62662974
9.9521479,91.04328369
9.982675933,91.48391701
10.013204,91.89659029
10.04373207,92.23098523
10.07426013,92.44650563
10.1047882,92.44650563
10.13531623,92.44650563
10.1658443,92.25232674
10.19637237,91.97640801
10.22690043,91.67818834
10.2574285,91.42310677
10.28795657,91.42310677
10.3184846,91.42310677
10.34901267,91.45715118
10.37954073,91.8108718
10.4100688,92.30154508
10.44059687,92.8651941
10.47112493,93.41768419
10.50165297,93.86639544
10.53218103,93.86639544
10.5627091,93.86639544
10.59323717,93.82601233
10.62376523,93.2360928
10.6542933,92.39706335
10.68482133,91.39074534
10.7153494,90.32735259
10.74587747,89.33153873
10.77640553,88.52591497
10.8069336,88.11597804
10.83746167,88.11597804
10.8679897,88.11597804
10.89851777,88.73969249
10.92904583,89.67797037
10.9595739,90.83435882
10.99010197,92.09071682
11.02063003,93.32305969
11.05115807,94.41756335
11.08168613,95.2843914
11.1122142,95.86742891
11.14274227,95.91250305
11.17327033,95.91250305
11.2037984,95.91250305
11.23432643,95.51459179
11.2648545,95.03172788
11.29538257,94.53814979
11.32591063,94.09365797
11.3564387,93.73646172
11.38696673,93.48014507
11.4174948,93.31489068
11.44802287,93.21242052
11.47855093,93.13356332
11.509079,93.03701859
11.53960707,92.8877958
11.5701351,92.66396385
11.60066317,92.36070752
11.63119123,91.9911855
11.6617193,91.58423081
11.69224737,91.17944016
11.72277543,90.82058811
11.75330347,90.54852078
11.78383153,90.49462385
11.8143596,90.49462385
11.84488767,90.49462385
11.87541573,90.73370481
11.9059438,91.06488226
11.93647183,91.45076578
11.9669999,91.85143449
11.99752797,92.23063941
12.02805603,92.56119162
12.0585841,92.82869237
12.08911217,93.03303993
12.1196402,93.18750887
12.15016827,93.31558517
12.18069633,93.44609683
12.2112244,93.60744915
12.24175247,93.82191778
12.27228053,94.10094586
12.30280857,94.44223592
12.33333663,94.82914375
12.3638647,95.2325132
12.39439277,95.6146947
12.42492083,95.93512875
12.45544887,96.15660801
12.48597693,96.15660801
12.516505,96.15660801
12.54703307,96.02004126
12.57756113,95.71548423
12.6080892,95.3238891
12.63861723,94.88707516
12.6691453,94.44989356
12.69967337,94.0537229
12.73020143,93.73064444
12.7607295,93.49925007
12.79125757,93.36274941
12.8217856,93.35393254
12.85231367,93.35393254
12.88284173,93.35393254
12.9133698,93.35794961
12.94389787,93.35794961
12.97442593,93.35794961
13.00495397,93.2631906
13.03548203,93.11602866
13.0660101,92.92803723
13.09653817,92.71596838
13.12706623,92.49744692
13.1575943,92.28696538
13.18812233,92.09310261
13.2186504,91.91760802
13.24917847,91.75656433
13.27970653,91.60334946
13.3102346,91.45266603
13.34076267,91.30459497
13.3712907,91.16753304
13.40181877,91.05902916
13.43234683,91.05902916
13.4628749,91.05902916
13.49340297,91.1601103
13.52393103,91.4068009
13.55445907,91.76292884
13.58498713,92.19795711
13.6155152,92.65654517
13.64604327,93.06192411
13.67657133,93.06432439
13.70709937,93.06432439
13.73762743,93.06432439
13.7681555,92.41229978
13.79868357,91.38250295
13.82921163,90.00908147
13.8597397,88.37382798
13.89026773,86.60019505
13.9207958,84.84064097
13.95132387,83.25882881
13.98185193,82.00912998
14.01238,81.25929714
14.04290807,81.25929714
14.0734361,81.25929714
14.10396417,82.0775339
14.13449223,83.32012835
14.1650203,84.85063288
14.19554837,86.50824995
14.22607643,88.12884466
14.25660447,89.56566564
14.28713253,90.70677909
14.3176606,91.48682152
14.34818867,91.75173463
14.37871673,91.75173463
14.4092448,91.75173463
14.43977283,91.37866689
14.4703009,90.94299894
14.50082897,90.54354483
14.53135703,90.25750156
14.5618851,90.25750156
14.59241317,90.25750156
14.6229412,90.37065429
14.65346927,90.66702717
14.68399733,91.00072479
14.7145254,91.3024921
14.74505347,91.47568687
14.77558153,91.47568687
14.80610957,91.47568687
14.83663763,91.21047051
14.8671657,90.80341374
14.89769377,90.29663982
14.92822183,89.74389115
14.95874987,89.2025808
14.98927793,88.72612063
15.019806,88.35762176
15.05033407,88.12572894
15.08086213,88.12572894
15.1113902,88.12572894
15.14191823,88.29995729
15.1724463,88.59930149
15.20297437,88.97498002
15.23350243,89.39705268
15.2640305,89.83803988
15.29455857,90.27476382
15.3250866,90.68890068
15.35561467,91.06645405
15.38614273,91.39654678
15.4166708,91.67001532
15.44719887,91.87827017
15.47772693,92.01276999
15.50825497,92.01276999
15.53878303,92.01276999
15.5693111,91.89936314
15.59983917,91.67716164
15.63036723,91.3684671
15.6608953,90.98612549
15.69142333,90.54942916
15.7219514,90.08289893
15.75247947,89.61410344
15.78300753,89.17077098
15.8135356,88.77758409
15.84406367,88.45311687
15.8745917,88.20736841
15.90511977,88.04026511
15.93564783,87.94136666
15.9661759,87.89083756
15.99670397,87.86156855
16.02723203,87.82217663
16.05776007,87.74050232
16.08828813,87.58717201
16.1188162,87.33880462
16.14934427,86.98050992
16.17987233,86.507435
16.21040037,85.92524604
16.24092843,85.24956384
16.2714565,84.50448506
16.30198457,83.72040364
16.33251263,82.93139225
16.3630407,82.17241387
16.39356873,81.47661326
16.4240968,80.87290009
16.45462487,80.3839871
16.48515293,80.02499948
16.515681,79.80272784
16.54620907,79.80272784
16.5767371,79.80272784
16.60726517,79.90235516
16.63779323,80.1396665
16.6683213,80.44281038
16.69884937,80.78853422
16.72937743,81.15601992
16.75990547,81.52909724
16.79043353,81.89791728
16.8209616,82.25983869
16.85148967,82.61934994
16.88201773,82.9869606
16.9125458,83.37713171
16.94307383,83.80546189
16.9736019,84.28547745
17.00412997,84.82546836
17.03465803,85.42584603
17.0651861,86.07746214
17.09571417,86.76121875
17.1262422,87.44913068
17.15677027,88.10679476
17.18729833,88.6970074
17.2178264,89.18408676
17.24835447,89.53832976
17.27888253,89.67243965
17.30941057,89.67243965
17.33993863,89.67243965
17.3704667,89.43223977
17.40099477,89.09523768
17.43152283,88.70373624
17.46205087,88.30426885
17.49257893,87.9427401
17.523107,87.65977773
17.55363507,87.5376233
17.58416313,87.5376233
17.6146912,87.5376233
17.64521923,87.7629204
17.6757473,88.10396649
17.70627537,88.53745988
17.73680343,89.03600846
17.7673315,89.57161934
17.79785957,90.11875595
17.8283876,90.65659893
17.85891567,91.17030219
17.88944373,91.65120932
17.9199718,92.09615835
17.95049987,92.50613006
17.98102793,92.88456845
18.01155597,93.23571291
18.04208403,93.56323485
18.0726121,93.86937773
18.10314017,94.15467983
18.13366823,94.4182361
18.1641963,94.65835096
18.19472433,94.87336659
18.2252524,95.0624309
18.25578047,95.22599714
18.28630853,95.36591674
18.3168366,95.48508307
18.34736467,95.5866872
18.3778927,95.67323841
18.40842077,95.74556263
18.43894883,95.80201077
18.4694769,95.81838296
18.50000497,95.81838296
18.530533,95.81838296
18.56106107,95.74364181
18.59158913,95.61334561
18.6221172,95.42088596
18.65264527,95.16337747
18.68317333,94.84244914
18.71370137,94.46431652
18.74422943,94.03906413
18.7747575,93.57921181
18.80528557,93.09778082
18.83581363,92.60618851
18.8663417,92.11236028
18.89686973,91.61943944
18.9273978,91.12539449
18.95792587,90.62367914
18.98845393,90.1049139
19.018982,89.559361
19.04951007,88.9797922
19.0800381,88.36423529
19.11056617,87.71805649
19.14109423,87.05490417
19.1716223,86.39619999
19.20215037,85.76909558
19.23267843,85.20307931
19.26320647,84.7256744
19.29373453,84.35786951
19.3242626,84.11002871
19.35479067,83.98307813
19.38531873,83.98307813
19.4158468,83.98307813
19.44637483,84.0454602
19.4769029,84.0454602
19.50743097,84.0454602
19.53795903,83.93725033
19.5684871,83.68340586
19.59901517,83.29727834
19.6295432,82.79424422
19.66007127,82.20981015
19.69059933,81.59628927
19.7211274,81.01702046
19.75165547,80.53884513
19.7821835,80.26168446
19.81271157,80.26168446
19.84323963,80.26168446
19.8737677,80.65186068
19.90429577,81.27460482
19.93482383,82.09028509
19.96535187,83.04173657
19.99587993,84.06123323
20.026408,85.07863624
20.05693607,86.02958659
20.08746413,86.86262675
20.1179922,87.544318
20.14852023,88.06173733
20.1790483,88.42213733
20.20957637,88.64997185
20.24010443,88.78186184
20.2706325,88.86034386
20.30116057,88.92737074
20.3316886,89.01850532
20.36221667,89.15857753
20.39274473,89.3592977
20.4232728,89.61898593
20.45380087,89.92424581
20.48432893,90.25313564
20.51485697,90.57920949
20.54538503,90.87573752
20.5759131,91.11946776
20.60644117,91.29343991
20.63696923,91.34609878
20.6674973,91.34609878
20.69802533,91.34609878
20.7285534,91.22717804
20.75908147,91.06308853
20.78960953,90.87127748
20.8201376,90.66892072
20.85066567,90.47157296
20.8811937,90.29238492
20.91172177,90.14184919
20.94224983,90.0279472
20.9727779,89.95652178
21.00330597,89.95652178
21.033834,89.95652178
21.06436207,90.03152988
21.09489013,90.15786453
21.1254182,90.3339177
21.15594627,90.55666099
21.18647433,90.82111802
21.21700237,91.12028711
21.24753043,91.44525878
21.2780585,91.78554888
21.30858657,92.12962606
21.33911463,92.46557918
21.3696427,92.78185049
21.40017073,93.06795689
21.4306988,93.31513146
21.46122687,93.51683651
21.49175493,93.6691212
21.522283,93.77081617
21.55281107,93.80214068
21.5833391,93.80214068
21.61386717,93.80214068
21.64439523,93.7436725
21.6749233,93.66681719
21.70545137,93.58302905
21.73597943,93.50403536
21.76650747,93.4410884
21.79703553,93.43904771
21.8275636,93.43904771
21.85809167,93.43904771
21.88861973,93.51966903
21.9191478,93.64396815
21.94967583,93.81004547
21.9802039,94.01411572
22.01073197,94.25116641
22.04126003,94.51565875
22.0717881,94.80214404
22.10231617,95.10567831
22.1328442,95.42195058
22.16337227,95.74709273
22.19390033,96.07720244
22.2244284,96.40767316
22.25495647,96.73247628
22.2854845,97.04356782
22.31601257,97.3305899
22.34654063,97.58100215
22.3770687,97.78071496
22.40759677,97.9152125
22.43812483,97.9152125
22.46865287,97.9152125
22.49918093,97.80875914
22.529709,97.58411433
22.56023707,97.27002052
22.59076513,96.87951989
22.6212932,96.43161902
22.65182123,95.94973616
22.6823493,95.45950706
22.71287737,94.98621258
22.74340543,94.55216604
22.7739335,94.17442401
22.80446157,93.86315541
22.8349896,93.62092066
22.86551767,93.4429859
22.89604573,93.31864454
22.9265738,93.23336331
22.95710187,93.17143686
22.98762993,93.11874753
23.01815797,93.06520044
23.04868603,93.00644636
23.0792141,92.94461129
23.10974217,92.88790621
23.14027023,92.88583771
23.1707983,92.88583771
23.20132633,92.88583771
23.2318544,92.98745881
23.26238247,93.15431862
23.29291053,93.38515236
23.3234386,93.67108649
23.35396667,93.99635368
23.3844947,94.34008762
23.41502277,94.67893427
23.44555083,94.99009159
23.4760789,95.25432734
23.50660697,95.45853402
23.537135,95.59745562
23.56766307,95.67434953
23.59819113,95.67591445
23.6287192,95.67591445
23.65924727,95.6937175
23.68977533,95.6937175
23.72030337,95.6985563
23.75083143,95.77789244
23.7813595,95.91930427
23.81188757,96.12622742
23.84241563,96.39431956
23.8729437,96.71214109
23.90347173,97.06262564
23.9339998,97.42511109
23.96452787,97.7776458
23.99505593,98.0992703
24.025584,98.37199941
24.05611207,98.58228924
24.0866401,98.72185767
24.11716817,98.72185767
24.14769623,98.72185767
24.1782243,98.71104489
24.20875237,98.58299107
24.23928043,98.40815421
24.26980847,98.19685162
24.30033653,97.95875377
24.3308646,97.70240674
24.36139267,97.43515727
24.39192073,97.16341189
24.4224488,96.89310017
24.45297683,96.6301794
24.4835049,96.38102022
24.51403297,96.15254879
24.54456103,95.95208465
24.5750891,95.78688982
24.60561717,95.66351826
24.6361452,95.5871088
24.66667327,95.5871088
24.69720133,95.5871088
24.7277294,95.65906146
24.75825747,95.77840561
24.7887855,95.93826202
24.81931357,96.13281943
24.84984163,96.35611919
24.8803697,96.602326
24.91089777,96.86553468
24.94142583,97.13907107
24.97195387,97.4143804
25.00248193,97.67973583
25.03301,97.9191107
25.06353807,98.11161152
25.09406613,98.14202442
25.1245942,98.14202442
25.15512223,98.14202442
25.1856503,97.87883552
25.21617837,97.4455861
25.24670643,96.83891546
25.2772345,96.07225515
25.30776257,95.17811616
25.3382906,94.20815914
25.36881867,93.23064201
25.39934673,92.32520578
25.4298748,91.57537925
25.46040287,91.05958769
25.49093093,91.05958769
25.52145897,91.05958769
25.55198703,91.43451207
25.5825151,92.23572147
25.61304317,93.31360493
25.64357123,94.58781353
25.6740993,95.95850127
25.70462733,97.31674775
25.7351554,98.55609803
25.76568347,99.58368518
25.79621153,100.3294568
25.8267396,100.6195665
25.85726763,100.6195665
25.8877957,100.6195665
25.91832377,100.1279914
25.94885183,99.42859765
25.9793799,98.58988337
26.00990797,97.67895628
26.040436,96.75394987
26.07096407,95.85883181
26.10149213,95.02114454
26.1320202,94.25270165
26.16254827,93.552773
26.19307633,92.91290945
26.22360437,92.32234463
26.25413243,91.77289415
26.2846605,91.26244694
26.31518857,90.79646877
26.34571663,90.38735085
26.3762447,90.05185992
26.40677273,89.80730439
26.4373008,89.71484284
26.46782887,89.71484284
26.49835693,89.71484284
26.528885,89.88370311
26.55941307,90.12018806
26.5899411,90.39388472
26.62046917,90.67260769
26.65099723,90.92738204
26.6815253,91.13704689
26.71205337,91.2916455
26.74258143,91.39397657
26.77310947,91.45900288
26.80363753,91.51118954
26.8341656,91.58020752
26.86469367,91.69572442
26.89522173,91.88216231
26.9257498,92.15430673
26.95627783,92.51450011
26.9868059,92.95187691
27.01733397,93.44374643
27.04786203,93.95886514
27.0783901,94.46202793
27.10891813,94.91920035
27.1394462,95.3023453
27.16997427,95.59317567
27.20050233,95.78527157
27.2310304,95.87498179
27.26155847,95.87498179
27.2920865,95.87498179
27.32261457,95.81700179
27.35314263,95.7585418
27.3836707,95.7585418
27.41419877,95.7585418
27.44472683,95.76156084
27.47525487,95.84460116
27.50578293,95.96196893
27.536311,96.10272887
27.56683907,96.2550758
27.59736713,96.40892524
27.6278952,96.55780983
27.65842323,96.69977272
27.6889513,96.8371625
27.71947937,96.97545397
27.75000743,97.12140522
27.7805355,97.28098077
27.81106357,97.45750202
27.8415916,97.65042873
27.87211967,97.85503896
27.90264773,98.06308969
27.9331758,98.26433976
27.96370387,98.44863933
27.99423193,98.60816921
28.02475997,98.73937143
28.05528803,98.84415758
28.0858161,98.93010718
28.11634417,99.00955093
28.14687223,99.09764209
28.1774003,99.20971443
28.20792833,99.35837178
28.2384564,99.55082368
28.26898447,99.78696019
28.29951253,100.0585465
28.3300406,100.3497336
28.36056863,100.6388559
28.3910967,100.9012575
28.42162477,101.1127014
28.45215283,101.2528002
28.4826809,101.2528002
28.51320897,101.2528002
28.543737,101.151494
28.57426507,100.9556829
28.60479313,100.702879
28.6353212,100.4130378
28.66584927,100.1050979
28.69637733,99.79381049
28.72690537,99.48748014
28.75743343,99.18704772
28.7879615,98.8867056
28.81848957,98.57595602
28.84901763,98.24274987
28.8795457,97.87712871
28.91007373,97.47467786
28.9406018,97.03910589
28.97112987,96.58339964
29.00165793,96.12924344
29.032186,95.70469567
29.06271407,95.34043431
29.0932421,95.06515601
29.12377017,94.93790927
29.15429823,94.93790927
29.1848263,94.93790927
29.21535437,95.12202788
29.24588243,95.38377853
29.27641047,95.68677504
29.30693853,95.99068668
29.3374666,96.25665017
29.36799467,96.4523802
29.39852273,96.4637942
29.4290508,96.4637942
29.45957883,96.4637942
29.4901069,96.28518427
29.52063497,96.04350653
29.55116303,95.76124305
29.5816911,95.45810064
29.61221913,95.14734106
29.6427472,94.83389937
29.67327527,94.51473136
29.70380333,94.18138667
29.7343314,93.82433404
29.76485947,93.4381588
29.7953875,93.02649282
29.82591557,92.60548554
29.85644363,92.20480656
29.8869717,91.86557006
29.91749977,91.67333292
29.94802783,91.67333292
29.97855587,91.67333292
30.00908393,91.99266149
30.039612,92.50611236
30.07014007,93.17219474
30.10066813,93.9202023
30.1311962,94.65635862
30.16172423,95.27461464
30.1922523,95.48242229
30.22278037,95.48242229
30.25330843,95.48242229
30.2838365,94.83173105
30.31436457,93.84365209
30.3448926,92.60341202
30.37542067,91.23596461
30.40594873,89.8917549
30.4364768,88.72819796
30.46700487,87.88949277
30.49753293,87.88949277
30.52806097,87.88949277
30.55858903,88.20026643
30.5891171,89.27768111
30.61964517,90.7238668
30.65017323,92.40567265
30.6807013,94.17074294
30.71122933,95.86676838
30.7417574,97.35966297
30.77228547,98.54814922
30.80281353,99.37292637
30.8333416,99.7197759
30.86386963,99.7197759
30.8943977,99.7197759
30.92492577,99.31524809
30.95545383,98.79140663
30.9859819,98.23415609
31.01650997,97.71552087
31.047038,97.28731842
31.07756607,96.97877006
31.10809413,96.79775862
31.1386222,96.79775862
31.16915027,96.79775862
31.19967833,96.87423975
31.23020637,97.02337323
31.26073443,97.19367981
31.2912625,97.36788691
31.32179057,97.53455102
31.35231863,97.68685368
31.3828467,97.82065688
31.41337473,97.93250943
31.4439028,98.01819896
31.47443087,98.06090411
31.50495893,98.06090411
31.535487,98.06090411
31.56601507,97.98677041
31.5965431,97.86719418
31.62707117,97.70918616
31.65759923,97.52599393
31.6881273,97.33645963
31.71865537,97.16326786
31.74918343,97.03031076
31.77971147,97.03031076
31.81023953,97.03031076
31.8407676,97.06502033
31.87129567,97.25071924
31.90182373,97.51558372
31.9323518,97.84128459
31.96287983,98.20272523
31.9934079,98.57094486
32.02393597,98.91647255
32.05446403,99.21265994
32.0849921,99.43854332
32.11552013,99.58087445
32.1460482,99.58087445
32.17657627,99.58087445
32.20710433,99.50259776
32.2376324,99.34411684
32.26816047,99.14966154
32.2986885,98.93966345
32.32921657,98.73280037
32.35974463,98.54420416
32.3902727,98.38433688
32.42080077,98.25859619
32.45132883,98.16760529
32.48185687,98.10805627
32.51238493,98.07392003
32.542913,98.0578138
32.57344107,98.05232705
32.60396913,98.05114206
32.6344972,98.04983629
32.66502523,98.04631085
32.6955533,98.040843
32.72608137,98.040843
32.75660943,98.040843
32.7871375,98.04356808
32.81766557,98.06596593
32.8481936,98.1064369
32.87872167,98.16772525
32.90924973,98.25070046
32.9397778,98.35407765
32.97030587,98.47439306
33.00083393,98.60624936
33.03136197,98.74282293
33.06189003,98.87659797
33.0924181,99.00026333
33.12294617,99.10767878
33.15347423,99.19479339
33.18400227,99.26038481
33.21453033,99.30649003
33.2450584,99.33842005
33.27558647,99.36429307
33.30611453,99.39408179
33.3366426,99.4382423
33.36717063,99.50606546
33.3976987,99.60395447
33.42822677,99.73387157
33.45875483,99.89220384
33.4892829,100.0692671
33.51981097,100.2495985
33.550339,100.41309
33.58086707,100.5368993
33.61139513,100.5368993
33.6419232,100.5368993
33.67245127,100.4553186
33.70297933,100.2292343
33.73350737,99.8996665
33.76403543,99.47882423
33.7945635,98.98850469
33.82509157,98.45845615
33.85561963,97.92374575
33.8861477,97.42141152
33.91667573,96.98677645
33.9472038,96.64985204
33.97773187,96.43225413
34.00825993,96.43225413
34.038788,96.43225413
34.06931607,96.54736092
34.0998441,96.80263074
34.13037217,97.12344475
34.16090023,97.47571875
34.1914283,97.82472351
34.22195637,98.13872728
34.25248443,98.3922131
34.28301247,98.5683206
34.31354053,98.61511004
34.3440686,98.61511004
34.37459667,98.61511004
34.40512473,98.51134021
34.43565277,98.38537724
34.46618083,98.26396622
34.4967089,98.17225138
34.52723697,98.17225138
34.55776503,98.17225138
34.5882931,98.24708525
34.61882113,98.40820834
34.6493492,98.62731236
34.67987727,98.88856699
34.71040533,99.17251629
34.7409334,99.4586822
34.77146147,99.72812057
34.8019895,99.96558253
34.83251757,100.1609994
34.86304563,100.310115
34.8935737,100.4142202
34.92410177,100.4790805
34.95462983,100.5132702
34.98515787,100.5191788
35.01568593,100.5191788
35.046214,100.5191788
35.07674207,100.5071808
35.10727013,100.4888393
35.1377982,100.4597174
35.16832623,100.4136998
35.1988543,100.3447536
35.22938237,100.2488093
35.25991043,100.1254197
35.2904385,99.97888537
35.32096657,99.8186156
35.3514946,99.65861197
35.38202267,99.51610036
35.41255073,99.40947412
35.4430788,99.40947412
35.47360687,99.40947412
35.50413493,99.45441015
35.53466297,99.6133895
35.56519103,99.83657714
35.5957191,100.1072549
35.62624717,100.4021538
35.65677523,100.6937423
35.68730327,100.9531303
35.71783133,101.1532251
35.7483594,101.2128997
35.77888747,101.2128997
35.80941553,101.2128997
35.8399436,101.0328067
35.87047163,100.7656746
35.9009997,100.4311355
35.93152777,100.0537823
35.96205583,99.66030575
35.9925839,99.27653054
36.02311197,98.92472807
36.05364,98.6215271
36.08416807,98.37664447
36.11469613,98.19253282
36.1452242,98.06491208
36.17575227,97.98403623
36.20628033,97.93646484
36.23680837,97.90706805
36.26733643,97.88099742
36.2978645,97.84539543
36.32839257,97.79068185
36.35892063,97.71132958
36.3894487,97.60611215
36.41997673,97.47785936
36.4505048,97.33279264
36.48103287,97.17953066
36.51156093,97.02786552
36.542089,96.88741861
36.57261707,96.76630028
36.6031451,96.66991825
36.63367317,96.60010079
36.66420123,96.55470863
36.6947293,96.52789066
36.72525737,96.51107826
36.75578543,96.49470889
36.78631347,96.47052718
36.81684153,96.43415416
36.8473696,96.38747413
36.87789767,96.34030407
36.90842573,96.34030407
36.93895377,96.34030407
36.96948183,96.41012584
37.0000099,96.59694908
37.03053797,96.90685878
37.06106603,97.34913228
37.0915941,97.91479449
37.12212213,98.57309234
37.1526502,99.27089352
37.18317827,99.93565579
37.21370633,100.4820803
37.2442344,100.5858561
37.27476247,100.5858561
37.3052905,100.5858561
37.33581857,99.92562718
37.36634663,98.90845834
37.3968747,97.5896396
37.42740277,96.0634965
37.45793083,94.45473847
37.48845887,92.90507144
37.51898693,91.55677875
37.549515,90.53553195
37.58004307,90.14591516
37.61057113,90.14591516
37.6410992,90.14591516
37.67162723,90.90997348
37.7021553,92.00740572
37.73268337,93.3195969
37.76321143,94.71484033
37.7937395,96.06527298
37.82426757,97.26237097
37.8547956,98.22883997
37.88532367,98.92537256
37.91585173,99.35159686
37.9463798,99.46214565
37.97690787,99.46214565
38.00743593,99.46214565
38.03796397,99.33869989
38.06849203,99.30404457
38.0990201,99.30404457
38.12954817,99.30404457
38.16007623,99.46919284
38.19060427,99.6990447
38.22113233,99.95559359
38.2516604,100.1959793
38.28218847,100.3811003
38.31271653,100.405417
38.3432446,100.405417
38.37377263,100.405417
38.4043007,100.2531835
38.43482877,100.0661013
38.46535683,99.88372161
38.4958849,99.74471931
38.52641297,99.74471931
38.556941,99.74471931
38.58746907,99.83777911
38.61799713,100.0521035
38.6485252,100.3286149
38.67905327,100.6336609
38.70958133,100.929715
38.74010937,101.180953
38.77063743,101.3582473
38.8011655,101.3582473
38.83169357,101.3582473
38.86222163,101.3201915
38.8927497,101.1347089
38.92327773,100.8950223
38.9538058,100.627569
38.98433387,100.3580463
39.01486193,100.1080539
39.04539,99.89283765
39.07591807,99.72040183
39.1064461,99.59200037
39.13697417,99.5037704
39.16750223,99.44907903
39.1980303,99.42831133
39.22855837,99.42831133
39.2590864,99.42831133
39.28961447,99.46363696
39.32014253,99.52501529
39.3506706,99.61750411
39.38119867,99.74444371
39.41172673,99.90496302
39.44225477,100.0919809
39.47278283,100.2911875
39.5033109,100.4813298
39.53383897,100.6358977
39.56436703,100.6358977
39.5948951,100.6358977
39.62542313,100.6091662
39.6559512,100.3676767
39.68647927,99.99935016
39.71700733,99.51685293
39.7475354,98.94569232
39.77806347,98.32206578
39.8085915,97.68926188
39.83911957,97.09310357
39.86964763,96.57706428
39.9001757,96.17772454
39.93070377,95.92116562
39.96123183,95.92116562
39.99175987,95.92116562
40.02228793,96.07563419
40.052816,96.39565696
40.08334407,96.80649395
40.11387213,97.27447313
40.1444002,97.76559125
40.17492823,98.24835699
40.2054563,98.69582958
40.23598437,99.08673967
40.26651243,99.40574
40.2970405,99.64296272
40.32756857,99.7931395
40.3580966,99.7931395
40.38862467,99.7931395
40.41915273,99.71666918
40.4496808,99.52456145
40.48020887,99.25774521
40.5107369,98.92390921
40.54126497,98.53278433
40.57179303,98.09635329
40.6023211,97.62883738
40.63284917,97.1463632
40.66337723,96.66627686
40.69390527,96.20614199
40.72443333,95.78252051
40.7549614,95.40968136
40.78548947,95.09840478
40.81601753,94.85504709
40.8465456,94.68100235
40.87707363,94.57264827
40.9076017,94.54294453
40.93812977,94.54294453
40.96865783,94.54294453
40.9991859,94.58564896
41.02971397,94.63024377
41.060242,94.66412752
41.09077007,94.66412752
41.12129813,94.66412752
41.1518262,94.62118331
41.18235427,94.5485139
41.21288233,94.44851671
41.24341037,94.32475113
41.27393843,94.18108247
41.3044665,94.0209159
41.33499457,93.84676619
41.36552263,93.66024315
41.3960507,93.46244906
41.42657873,93.25469894
41.4571068,93.03940261
41.48763487,92.82090355
41.51816293,92.60606305
41.548691,92.40441219
41.57921907,92.22776477
41.6097471,92.08927916
41.64027517,92.02353757
41.67080323,92.02353757
41.7013313,92.02353757
41.73185937,92.14329892
41.7623874,92.33408334
41.79291547,92.58715895
41.82344353,92.8882963
41.8539716,93.21906299
41.88449967,93.55872742
41.91502773,93.88653183
41.94555577,94.18403518
41.97608383,94.43721199
42.0066119,94.63802497
42.03713997,94.78526215
42.06766803,94.88453058
42.0981961,94.94741386
42.12872413,94.98991163
42.1592522,95.03037108
42.18978027,95.08718108
42.22030833,95.17652227
42.2508364,95.3104494
42.28136447,95.49553132
42.3118925,95.73219592
42.34242057,96.01483534
42.37294863,96.33263231
42.4034767,96.67098376
42.43400477,97.01333226
42.46453283,97.34317646
42.49506087,97.64601974
42.52558893,97.91103308
42.556117,98.13224812
42.58664507,98.30915462
42.61717313,98.44664556
42.6477012,98.5543253
42.67822923,98.64526416
42.7087573,98.73434076
42.73928537,98.83635546
42.76981343,98.9641218
42.8003415,99.12674544
42.83086957,99.32828204
42.8613976,99.56692832
42.89192567,99.83484761
42.92245373,100.1186673
42.9529818,100.4006159
42.98350987,100.6602007
43.0140379,100.876265
43.04456597,101.0292214
43.07509403,101.0292214
43.1056221,101.0292214
43.13615017,100.9806225
43.16667823,100.7854235
43.19720627,100.5148132
43.22773433,100.1880427
43.2582624,99.8297754
43.28879047,99.46800646
43.31931853,99.13162931
43.3498466,98.84790557
43.38037463,98.64010712
43.4109027,98.60902641
43.44143077,98.60902641
43.47195883,98.60902641
43.5024869,98.80409353
43.53301497,99.08781899
43.563543,99.44331309
43.59407107,99.8505293
43.62459913,100.2882895
43.6551272,100.736186
43.68565527,101.1761536
43.71618333,101.5935687
43.74671137,101.9778129
43.77723943,102.3223226
43.8077675,102.6242124
43.83829557,102.8836124
43.86882363,103.1028711
43.8993517,103.2857669
43.92987973,103.4368333
43.9604078,103.5608487
43.99093587,103.6624949
44.02146393,103.7461391
44.051992,103.8156784
44.08252007,103.8743822
44.1130481,103.9246954
44.14357617,103.9680046
44.17410423,104.0044085
44.2046323,104.0325748
44.23516037,104.0353803
44.2656884,104.0353803
44.29621647,104.0353803
44.32674453,103.9953899
44.3572726,103.9295168
44.38780067,103.8374949
44.41832873,103.7223332
44.44885677,103.5907975
44.47938483,103.4533429
44.5099129,103.3234074
44.54044097,103.2160894
44.57096903,103.1663959
44.6014971,103.1663959
44.63202513,103.1663959
44.6625532,103.2675971
44.69308127,103.426695
44.72360933,103.6332373
44.7541374,103.8711357
44.78466547,104.1205515
44.8151935,104.3604446
44.84572157,104.571438
44.87624963,104.7385823
44.9067777,104.8536017
44.93730577,104.9162622
44.96783383,104.9162622
44.99836187,104.9162622
45.02888993,104.9241079
45.059418,104.9241079
45.08994607,104.9350387
45.12047413,105.023188
45.1510022,105.1764894
45.18153023,105.3957826
45.2120583,105.6714258
45.24258637,105.9836472
45.27311443,106.3042266
45.3036425,106.5993497
45.33417057,106.8333379
45.3646986,106.8713782
45.39522667,106.8713782
45.42575473,106.8713782
45.4562828,106.610246
45.48681087,106.2185682
45.5173389,105.7216814
45.54786697,105.1576596
45.57839503,104.5740836
45.6089231,104.0235229
45.63945117,103.5581449
45.66997923,103.2239979
45.70050727,103.2239979
45.73103533,103.2239979
45.7615634,103.2711741
45.79209147,103.6345042
45.82261953,104.1227118
45.8531476,104.6821765
45.88367563,105.2499759
45.9142037,105.7608765
45.94473177,106.1549376
45.97525983,106.2591133
46.0057879,106.2591133
46.03631597,106.2591133
46.066844,105.9144056
46.09737207,105.4263958
46.12790013,104.8509423
46.1584282,104.2538906
46.18895627,103.7027145
46.21948433,103.2579231
46.25001237,102.9654317
46.28054043,102.9654317
46.3110685,102.9654317
46.34159657,103.1448778
46.37212463,103.4949299
46.4026527,103.9160437
46.43318073,104.3515832
46.4637088,104.7478345
46.49423687,105.0612985
46.52476493,105.2641177
46.555293,105.2641177
46.58582103,105.2641177
46.6163491,105.2030912
46.64687717,105.0350385
46.67740523,104.8520942
46.7079333,104.6886425
46.73846137,104.569578
46.7689894,104.5103964
46.79951747,104.5103964
46.83004553,104.5059402
46.8605736,104.5006208
46.89110167,104.5006208
46.92162973,104.3933198
46.95215777,104.16894
46.98268583,103.8030519
47.0132139,103.2861289
47.04374197,102.6254963
47.07427003,101.8449539
47.1047981,100.9821801
47.13532613,100.0843391
47.1658542,99.20254529
47.19638227,98.38597233
47.22691033,97.67640784
47.2574384,97.10395428
47.28796647,96.68438452
47.3184945,96.41840736
47.34902257,96.35832211
47.37955063,96.35832211
47.4100787,96.35832211
47.44060677,96.48360606
47.47113483,96.62658566
47.50166287,96.7601586
47.53219093,96.86541793
47.562719,96.93306245
47.59324707,96.95393324
47.62377513,96.95393324
47.6543032,96.96344006
47.68483123,96.96535664
47.7153593,96.96666866
47.74588737,97.02777831
47.77641543,97.14467548
47.8069435,97.3253783
47.83747153,97.57189579
47.8679996,97.88043605
47.89852767,98.24226275
47.92905573,98.6450054
47.9595838,99.07420058
47.99011187,99.51484605
48.0206399,99.95278287
48.05116797,100.3757716
48.08169603,100.7741895
48.1122241,101.1413345
48.14275217,101.4733737
48.17328023,101.7690123
48.20380827,102.0289787
48.23433633,102.2554294
48.2648644,102.4513656
48.29539247,102.6201336
48.32592053,102.7650521
48.3564486,102.8891805
48.38697663,102.9952138
48.4175047,103.0854679
48.44803277,103.1619105
48.47856083,103.2261913
48.5090889,103.2796367
48.53961697,103.3231953
48.570145,103.3573399
48.60067307,103.3819583
48.63120113,103.3877157
48.6617292,103.3877157
48.69225727,103.3877157
48.72278533,103.3606073
48.75331337,103.3153808
48.78384143,103.2504744
48.8143695,103.165403
48.84489757,103.0611827
48.87542563,102.9405983
48.9059537,102.8082436
48.93648173,102.670297
48.9670098,102.534034
48.99753787,102.4071293
49.02806593,102.296837
49.058594,102.2091664
49.08912203,102.148177
49.1196501,102.1287559
49.15017817,102.1287559
49.18070623,102.1287559
49.2112343,102.1658572
49.24176237,102.2147601
49.2722904,102.2682707
49.30281847,102.3195359
49.33334653,102.3627618
49.3638746,102.3937394
49.39440267,102.3990995
49.42493073,102.3990995
49.45545877,102.3990995
49.48598683,102.375601
49.5165149,102.3445586
49.54704297,102.3099866
49.57757103,102.2759002
49.6080991,102.2459233
49.63862713,102.2229693
49.6691552,102.2101637
49.69968327,102.2101637
49.73021133,102.2101637
49.7607394,102.2234032
49.79126747,102.2419928
49.8217955,102.2626104
49.85232357,102.281628
49.88285163,102.2956876
49.9133797,102.2956876
49.94390777,102.2956876
49.97443583,102.2920928
50.00496387,102.2798485
50.03549193,102.2798485
50.06602,102.2798485
50.09654807,102.2846268
50.12707613,102.3241906
50.1576042,102.3916724
50.18813223,102.487427
50.2186603,102.6068106
50.24918837,102.7397647
50.27971643,102.8712491
50.3102445,102.9825954
50.34077253,103.0043467
50.3713006,103.0043467
50.40182867,103.0043467
50.43235673,102.8620033
50.4628848,102.6403082
50.49341287,102.3506758
50.5239409,102.0137949
50.55446897,101.6576151
50.58499703,101.3140713
50.6155251,101.0149514
50.64605317,100.7874827
50.67658123,100.6616293
50.70710927,100.6616293
50.73763733,100.6616293
50.7681654,100.785118
50.79869347,100.9513205
50.82922153,101.1238745
50.8597496,101.2644377
50.89027763,101.2644377
50.9208057,101.2644377
50.95133377,101.1874821
50.98186183,100.9470535
51.0123899,100.6086175
51.04291797,100.196701
51.073446,99.74414424
51.10397407,99.28733906
51.13450213,98.86107813
51.1650302,98.49380866
51.19555827,98.20400808
51.22608633,97.99821597
51.25661437,97.87098837
51.28714243,97.80673396
51.3176705,97.78309637
51.34819857,97.77530767
51.37872663,97.76079493
51.4092547,97.72329207
51.43978273,97.65579908
51.4703108,97.56192101
51.50083887,97.45538072
51.53136693,97.35778978
51.561895,97.35778978
51.59242303,97.35778978
51.6229511,97.37235942
51.65347917,97.54602732
51.68400723,97.81515951
51.7145353,98.16886597
51.74506337,98.58500047
51.7755914,99.03286313
51.80611947,99.47730214
51.83664753,99.88360878
51.8671756,100.2224618
51.89770367,100.4741485
51.92823173,100.6313812
51.95875977,100.654782
51.98928783,100.654782
52.0198159,100.654782
52.05034397,100.5994757
52.08087203,100.5994757
52.1114001,100.5994757
52.14192813,100.6347129
52.1724562,100.7535501
52.20298427,100.9119562
52.23351233,101.0817428
52.2640404,101.2262632
52.29456847,101.2262632
52.3250965,101.2262632
52.35562457,101.1419939
52.38615263,100.8635993
52.4166807,100.460371
52.44720877,99.96004343
52.47773683,99.4062615
52.50826487,98.85332085
52.53879293,98.35910267
52.569321,97.97725804
52.59984907,97.83607752
52.63037713,97.83607752
52.66090517,97.83607752
52.69143323,98.1364121
52.7219613,98.56668954
52.75248937,99.07765949
52.78301743,99.61337658
52.8135455,100.1185645
52.84407353,100.5454469
52.8746016,100.8590512
52.90512967,101.0096209
52.93565773,101.0096209
52.9661858,101.0096209
52.99671387,100.8324098
53.0272419,100.5835852
53.05776997,100.2927101
53.08829803,99.98571066
53.1188261,99.68169635
53.14935417,99.39147971
53.17988223,99.11786072
53.21041027,98.8574301
53.24093833,98.60339913
53.2714664,98.348824
53.30199447,98.08957397
53.33252253,97.82649048
53.3630506,97.56637128
53.39357863,97.32165135
53.4241067,97.1088954
53.45463477,96.9464218
53.48516283,96.91269347
53.5156909,96.91269347
53.54621897,96.91269347
53.576747,97.07694995
53.60727507,97.32364178
53.63780313,97.63941398
53.6683312,98.00610753
53.69885927,98.40301494
53.72938733,98.80930681
53.75991537,99.20625159
53.79044343,99.57891369
53.8209715,99.91712438
53.85149957,100.2156541
53.88202763,100.4736492
53.91255567,100.6935089
53.94308373,100.8794515
53.9736118,101.0360462
54.00413987,101.1669636
54.03466793,101.2741365
54.065196,101.3574324
54.09572403,101.4148417
54.1262521,101.4148417
54.15678017,101.4148417
54.18730823,101.3980854
54.2178363,101.3201164
54.24836437,101.2049846
54.2788924,101.0552712
54.30942047,100.8756154
54.33994853,100.6722363
54.3704766,100.4522648
54.40100467,100.2230431
54.43153273,99.99155472
54.46206077,99.76411278
54.49258883,99.54637662
54.5231169,99.3436822
54.55364497,99.16159275
54.58417303,99.00650545
54.6147011,98.88611043
54.64522913,98.8280133
54.6757572,98.8280133
54.70628527,98.8280133
54.73681333,98.94185137
54.7673414,99.13347171
54.79786947,99.40265296
54.8283975,99.74199608
54.85892557,100.135775
54.88945363,100.5597256
54.9199817,100.9819932
54.95050977,101.3652975
54.98103783,101.6701929
55.01156587,101.7739209
55.04209393,101.7739209
55.072622,101.7739209
55.10315007,101.4713527
55.13367813,101.0010429
55.16420617,100.3867557
55.19473423,99.6663247
55.2252623,98.88827261
55.25579037,98.10703961
55.28631843,97.37737812
55.3168465,96.74860386
55.34737453,96.25943351
55.3779026,95.93407679
55.40843067,95.93407679
55.43895873,95.93407679
55.4694868,95.9346906
55.50001487,96.1842234
55.5305429,96.49576064
55.56107097,96.82768453
55.59159903,97.14331706
55.6221271,97.41546337
55.65265517,97.62948415
55.68318323,97.78452
55.71371127,97.8927514
55.74423933,97.97685003
55.7747674,98.06602236
55.80529547,98.19123012
55.83582353,98.38027038
55.8663516,98.65339882
55.89687963,99.02008551
55.9274077,99.47731968
55.95793577,100.0096545
55.98846383,100.5909387
56.0189919,101.1874542
56.04951997,101.7619965
56.080048,102.2783261
56.11057607,102.705391
56.14110413,103.0207791
56.1716322,103.2129842
56.20216027,103.2129842
56.23268833,103.2129842
56.26321637,103.106801
56.29374443,102.9097399
56.3242725,102.6787887
56.35480057,102.443439
56.38532863,102.2295829
56.41585667,102.0571516
56.44638473,101.9387222
56.4769128,101.9224431
56.50744087,101.9224431
56.53796893,101.9224431
56.568497,102.0060406
56.59902503,102.1141984
56.6295531,102.2345109
56.66008117,102.3567559
